{
    "size": 102400,
    "last_modified": 1738261475.1729386,
    "last_accessed": 1738261478.4698575,
    "creation_time": 1737491864.425725,
    "mode": 33206,
    "inode": 2814749767165285,
    "device": 7243748000948174556,
    "nlink": 1,
    "uid": 0,
    "gid": 0
}